Type,Ligand,Title,LigResidue,LigAtom,RecResidue,RecAtom,Dist
HAccep cc,1,,_:1(UNK),9( O9 ),A:156(ARG),2124( NH2),1.960
HDonor nn,1,,_:1(UNK),4( O4 ),A:471(ASP),7190( OD1),1.649
HDonor nn,1,,_:1(UNK),5( O5 ),A:471(ASP),7190( OD1),2.372
Good,1,,_:1(UNK),2( S2 ),A:156(ARG),2120( CD ),3.870
Good,1,,_:1(UNK),2( S2 ),A:156(ARG),2124( NH2),3.956
Good,1,,_:1(UNK),2( S2 ),A:156(ARG),2131( HD3),3.084
Good,1,,_:1(UNK),2( S2 ),A:156(ARG),2132( HD2),3.700
Good,1,,_:1(UNK),2( S2 ),A:156(ARG),2136(HH22),3.117
Good,1,,_:1(UNK),4( O4 ),A:343(TYR),5146( CE2),4.159
Good,1,,_:1(UNK),4( O4 ),A:343(TYR),5147( CZ ),3.612
Good,1,,_:1(UNK),4( O4 ),A:343(TYR),5148( OH ),2.819
Good,1,,_:1(UNK),4( O4 ),A:343(TYR),5157( HH ),2.648
Good,1,,_:1(UNK),4( O4 ),A:471(ASP),7189( CG ),3.840
Good,1,,_:1(UNK),5( O5 ),A:471(ASP),7189( CG ),3.998
Good,1,,_:1(UNK),5( O5 ),A:471(ASP),7190( OD1),3.190
Good,1,,_:1(UNK),6( O6 ),A:343(TYR),5145( CE1),3.895
Good,1,,_:1(UNK),6( O6 ),A:343(TYR),5147( CZ ),4.009
Good,1,,_:1(UNK),6( O6 ),A:343(TYR),5148( OH ),3.390
Good,1,,_:1(UNK),6( O6 ),A:343(TYR),5155( HE1),3.127
Good,1,,_:1(UNK),8( O8 ),A:156(ARG),2136(HH22),3.499
Good,1,,_:1(UNK),9( O9 ),A:156(ARG),2120( CD ),3.190
Good,1,,_:1(UNK),9( O9 ),A:156(ARG),2121( NE ),3.829
Good,1,,_:1(UNK),9( O9 ),A:156(ARG),2122( CZ ),3.826
Good,1,,_:1(UNK),9( O9 ),A:156(ARG),2124( NH2),2.926
Good,1,,_:1(UNK),9( O9 ),A:156(ARG),2131( HD3),2.795
Good,1,,_:1(UNK),9( O9 ),A:156(ARG),2132( HD2),2.670
Good,1,,_:1(UNK),9( O9 ),A:156(ARG),2137(HH21),3.408
Good,1,,_:1(UNK),10( O10),A:156(ARG),2120( CD ),3.450
Good,1,,_:1(UNK),10( O10),A:156(ARG),2131( HD3),2.419
Good,1,,_:1(UNK),12( N12),A:41(VAL),434( CG1),4.004
Good,1,,_:1(UNK),12( N12),A:41(VAL),441(HG13),3.086
Good,1,,_:1(UNK),13( N13),A:156(ARG),2122( CZ ),3.922
Good,1,,_:1(UNK),13( N13),A:156(ARG),2124( NH2),3.249
Good,1,,_:1(UNK),13( N13),A:156(ARG),2136(HH22),3.045
Good,1,,_:1(UNK),13( N13),A:156(ARG),2137(HH21),3.371
Good,1,,_:1(UNK),14( C14),A:343(TYR),5147( CZ ),4.189
Good,1,,_:1(UNK),14( C14),A:343(TYR),5148( OH ),3.650
Good,1,,_:1(UNK),14( C14),A:471(ASP),7190( OD1),3.523
Good,1,,_:1(UNK),15( C15),A:471(ASP),7189( CG ),4.176
Good,1,,_:1(UNK),15( C15),A:471(ASP),7190( OD1),3.297
Good,1,,_:1(UNK),15( C15),A:471(ASP),7191( OD2),4.127
Good,1,,_:1(UNK),16( C16),A:343(TYR),5145( CE1),3.669
Good,1,,_:1(UNK),16( C16),A:343(TYR),5147( CZ ),3.723
Good,1,,_:1(UNK),16( C16),A:343(TYR),5148( OH ),3.418
Good,1,,_:1(UNK),16( C16),A:343(TYR),5155( HE1),3.193
Good,1,,_:1(UNK),20( C20),A:156(ARG),2124( NH2),3.820
Good,1,,_:1(UNK),20( C20),A:156(ARG),2137(HH21),3.605
Good,1,,_:1(UNK),21( C21),A:41(VAL),435( CG2),4.074
Good,1,,_:1(UNK),21( C21),A:41(VAL),443(HG22),2.995
Good,1,,_:1(UNK),21( C21),A:156(ARG),2122( CZ ),4.268
Good,1,,_:1(UNK),21( C21),A:156(ARG),2124( NH2),3.680
Good,1,,_:1(UNK),21( C21),A:156(ARG),2137(HH21),3.244
Good,1,,_:1(UNK),22( C22),A:41(VAL),435( CG2),4.262
Good,1,,_:1(UNK),22( C22),A:41(VAL),443(HG22),3.216
Good,1,,_:1(UNK),23( C23),A:44(SER),467( CB ),3.852
Good,1,,_:1(UNK),23( C23),A:44(SER),468( OG ),4.096
Good,1,,_:1(UNK),23( C23),A:44(SER),471( HB3),3.197
Good,1,,_:1(UNK),24( C24),A:44(SER),467( CB ),3.716
Good,1,,_:1(UNK),24( C24),A:44(SER),471( HB3),2.954
Good,1,,_:1(UNK),24( C24),A:44(SER),472( HB2),3.641
Good,1,,_:1(UNK),25( C25),A:41(VAL),433( CB ),4.350
Good,1,,_:1(UNK),25( C25),A:41(VAL),434( CG1),3.637
Good,1,,_:1(UNK),25( C25),A:41(VAL),435( CG2),4.045
Good,1,,_:1(UNK),25( C25),A:41(VAL),439(HG11),3.431
Good,1,,_:1(UNK),25( C25),A:41(VAL),441(HG13),2.977
Good,1,,_:1(UNK),25( C25),A:41(VAL),443(HG22),3.171
Good,1,,_:1(UNK),26( C26),A:44(SER),467( CB ),3.883
Good,1,,_:1(UNK),26( C26),A:44(SER),468( OG ),3.888
Good,1,,_:1(UNK),26( C26),A:44(SER),471( HB3),3.121
Good,1,,_:1(UNK),26( C26),A:70(GLY),883( CA ),4.067
Good,1,,_:1(UNK),26( C26),A:70(GLY),888( HA2),3.319
Good,1,,_:1(UNK),27( C27),A:44(SER),465( C  ),4.237
Good,1,,_:1(UNK),27( C27),A:44(SER),466( O  ),4.084
Good,1,,_:1(UNK),27( C27),A:44(SER),467( CB ),3.668
Good,1,,_:1(UNK),27( C27),A:44(SER),471( HB3),2.688
Good,1,,_:1(UNK),27( C27),A:344(ILE),5165( CD1),3.675
Good,1,,_:1(UNK),27( C27),A:344(ILE),5174(HD11),3.653
Good,1,,_:1(UNK),27( C27),A:344(ILE),5175(HD12),3.433
Good,1,,_:1(UNK),27( C27),A:344(ILE),5176(HD13),3.396
Good,1,,_:1(UNK),28( C28),A:44(SER),467( CB ),3.806
Good,1,,_:1(UNK),28( C28),A:44(SER),468( OG ),4.031
Good,1,,_:1(UNK),28( C28),A:44(SER),471( HB3),2.838
Good,1,,_:1(UNK),28( C28),A:70(GLY),882( N  ),4.232
Good,1,,_:1(UNK),28( C28),A:70(GLY),883( CA ),3.376
Good,1,,_:1(UNK),28( C28),A:70(GLY),887( HA3),3.059
Good,1,,_:1(UNK),28( C28),A:70(GLY),888( HA2),2.835
Good,1,,_:1(UNK),29( C29),A:44(SER),467( CB ),3.710
Good,1,,_:1(UNK),29( C29),A:44(SER),471( HB3),2.620
Good,1,,_:1(UNK),29( C29),A:70(GLY),883( CA ),4.326
Good,1,,_:1(UNK),29( C29),A:70(GLY),887( HA3),3.715
Good,1,,_:1(UNK),29( C29),A:344(ILE),5165( CD1),3.686
Good,1,,_:1(UNK),29( C29),A:344(ILE),5174(HD11),3.777
Good,1,,_:1(UNK),29( C29),A:344(ILE),5175(HD12),3.726
Good,1,,_:1(UNK),29( C29),A:344(ILE),5176(HD13),3.011
Good,1,,_:1(UNK),31( H31),A:471(ASP),7189( CG ),3.456
Good,1,,_:1(UNK),31( H31),A:471(ASP),7190( OD1),2.772
Good,1,,_:1(UNK),31( H31),A:471(ASP),7191( OD2),3.278
Good,1,,_:1(UNK),32( H32),A:343(TYR),5143( CD1),3.527
Good,1,,_:1(UNK),32( H32),A:343(TYR),5145( CE1),2.681
Good,1,,_:1(UNK),32( H32),A:343(TYR),5146( CE2),3.789
Good,1,,_:1(UNK),32( H32),A:343(TYR),5147( CZ ),2.832
Good,1,,_:1(UNK),32( H32),A:343(TYR),5148( OH ),2.878
Good,1,,_:1(UNK),32( H32),A:343(TYR),5155( HE1),2.388
Good,1,,_:1(UNK),37( H37),A:343(TYR),5147( CZ ),3.381
Good,1,,_:1(UNK),37( H37),A:343(TYR),5148( OH ),2.845
Good,1,,_:1(UNK),37( H37),A:343(TYR),5157( HH ),2.520
Good,1,,_:1(UNK),37( H37),A:471(ASP),7189( CG ),2.885
Good,1,,_:1(UNK),38( H38),A:471(ASP),7189( CG ),3.190
Good,1,,_:1(UNK),38( H38),A:471(ASP),7190( OD1),2.372
Good,1,,_:1(UNK),40( H40),A:41(VAL),435( CG2),3.113
Good,1,,_:1(UNK),41( H41),A:156(ARG),2122( CZ ),3.541
Good,1,,_:1(UNK),41( H41),A:156(ARG),2124( NH2),2.847
Good,1,,_:1(UNK),41( H41),A:156(ARG),2137(HH21),2.253
Good,1,,_:1(UNK),43( H43),A:41(VAL),434( CG1),3.194
Good,1,,_:1(UNK),43( H43),A:41(VAL),435( CG2),3.664
Good,1,,_:1(UNK),43( H43),A:41(VAL),439(HG11),2.699
Good,1,,_:1(UNK),43( H43),A:41(VAL),441(HG13),2.814
Good,1,,_:1(UNK),43( H43),A:41(VAL),443(HG22),2.943
Good,1,,_:1(UNK),45( H45),A:70(GLY),888( HA2),2.976
Good,1,,_:1(UNK),46( H46),A:344(ILE),5165( CD1),3.506
Good,1,,_:1(UNK),47( H47),A:70(GLY),882( N  ),3.184
Good,1,,_:1(UNK),47( H47),A:70(GLY),884( C  ),3.775
Good,1,,_:1(UNK),47( H47),A:70(GLY),887( HA3),2.287
Good,1,,_:1(UNK),48( H48),A:344(ILE),5165( CD1),3.511
Good,1,,_:1(UNK),48( H48),A:344(ILE),5176(HD13),2.705
Bad,1,,_:1(UNK),4( O4 ),A:471(ASP),7190( OD1),2.582
Bad,1,,_:1(UNK),40( H40),A:41(VAL),443(HG22),2.074
Bad,1,,_:1(UNK),47( H47),A:70(GLY),883( CA ),2.458
Bad,1,,_:1(UNK),47( H47),A:70(GLY),888( HA2),1.931
Ugly,1,,_:1(UNK),9( O9 ),A:156(ARG),2136(HH22),1.960
Ugly,1,,_:1(UNK),37( H37),A:471(ASP),7190( OD1),1.649
Salt,1,,_:1(UNK),9( O9 ),A:156(ARG),2124( NH2),2.926
HPhob,1,,_:1(UNK),21( C21),A:41(VAL),435( CG2),4.074
HPhob,1,,_:1(UNK),27( C27),A:344(ILE),5165( CD1),3.675
HPhob,1,,_:1(UNK),29( C29),A:344(ILE),5165( CD1),3.686
